{
  "mse": 2.8219530713613493e-05,
  "mae": 0.00010746761909103952,
  "psnr": 59.20555300854652,
  "ssim": 0.99777592420578
}