{
  "denoising_mse": 0.006805831077508628,
  "fid": 1077.9857385641635,
  "latent_mean": -0.00025939193119484116,
  "latent_scaling_factor": 500.4017916990096,
  "latent_mode": "mean",
  "use_mean_latents": true,
  "checkpoint_path": "outputs_tuned/checkpoints/diffusion.pt",
  "w1_ch0": 3.554652492730413e-05,
  "w1_ch1": 3.0243383302871446e-05,
  "w1_ch2": 2.6797842442062397e-05,
  "w1_obs_total_ch0": 1.6310394645864517,
  "w1_obs_mult_ch0": 22.808349609374993,
  "w1_obs_max_ch0": 0.28295703880950906,
  "w1_obs_total_ch1": 0.48593850880257466,
  "w1_obs_mult_ch1": 12.386083984375032,
  "w1_obs_max_ch1": 0.12833955202415845,
  "w1_obs_total_ch2": 0.30293497607276765,
  "w1_obs_mult_ch2": 6.12744140625,
  "w1_obs_max_ch2": 0.006559875102022659,
  "w1_obs_centroid_y": 3.811639553513286,
  "w1_obs_centroid_x": 3.8836217859009077,
  "sparsity_real_ch0": 0.9984645843505859,
  "sparsity_gen_ch0": 0.9999359846115112,
  "sparsity_real_ch1": 0.9992001056671143,
  "sparsity_gen_ch1": 1.0,
  "sparsity_real_ch2": 0.9996078014373779,
  "sparsity_gen_ch2": 1.0
}