{
  "mse": 2.129456720467715e-05,
  "mae": 0.000403058304800652,
  "psnr": 60.86965169256332,
  "ssim": 0.9960517466068268
}