{
  "denoising_mse": 0.004544407734647394,
  "fid": 2739.628361520635,
  "latent_mean": 0.0005582636852826303,
  "latent_scaling_factor": 158.41729622641617,
  "latent_mode": "mean",
  "use_mean_latents": true,
  "checkpoint_path": "outputs/checkpoints/diffusion.pt",
  "w1_ch0": 3.108031124307658e-05,
  "w1_ch1": 2.7301963892140866e-05,
  "w1_ch2": 2.649809724473879e-05,
  "w1_obs_total_ch0": 7.945232020939244,
  "w1_obs_mult_ch0": 18.92998046875015,
  "w1_obs_max_ch0": 0.26997431559266255,
  "w1_obs_total_ch1": 3.6702574539805948,
  "w1_obs_mult_ch1": 8.618486328124964,
  "w1_obs_max_ch1": 0.1170724324375441,
  "w1_obs_total_ch2": 0.2496387916670884,
  "w1_obs_mult_ch2": 6.12744140625,
  "w1_obs_max_ch2": 0.005512342763856004,
  "w1_obs_centroid_y": 3.829449962507846,
  "w1_obs_centroid_x": 3.9147150940822835,
  "sparsity_real_ch0": 0.9984645843505859,
  "sparsity_gen_ch0": 0.9996799826622009,
  "sparsity_real_ch1": 0.9992001056671143,
  "sparsity_gen_ch1": 0.9997439980506897,
  "sparsity_real_ch2": 0.9996078014373779,
  "sparsity_gen_ch2": 1.0
}